{"cameraMode":{"drawMode":0,"name":"Shaded","section":"Shading Mode"},"sceneLighting":true,"audioPlay":false,"sceneViewState":{"m_AlwaysRefresh":false,"showFog":true,"showSkybox":true,"showFlares":true,"showImageEffects":true,"showParticleSystems":true,"showVisualEffectGraphs":true,"m_FxEnabled":true},"in2DMode":false,"pivot":{"x":0.3965644836425781,"y":0.5549827814102173,"z":-1.7659541368484498},"rotation":{"x":-0.18983790278434754,"y":0.5381667017936707,"z":-0.12590008974075318,"w":-0.8114727735519409},"size":2.1278367042541506,"orthographic":false}