{"cameraMode":{"drawMode":0,"name":"Shaded","section":"Shading Mode"},"sceneLighting":true,"audioPlay":false,"sceneViewState":{"m_AlwaysRefresh":false,"showFog":true,"showSkybox":true,"showFlares":true,"showImageEffects":true,"showParticleSystems":true,"showVisualEffectGraphs":true,"m_FxEnabled":true},"in2DMode":false,"pivot":{"x":-4.2605414390563969,"y":1.9054927825927735,"z":-40.47101593017578},"rotation":{"x":-0.24721530079841615,"y":-0.4942251741886139,"z":0.14899614453315736,"w":-0.8200176954269409},"size":10.167978286743164,"orthographic":false}