{"cameraMode":{"drawMode":0,"name":"Shaded","section":"Shading Mode"},"sceneLighting":false,"audioPlay":false,"sceneViewState":{"m_AlwaysRefresh":false,"showFog":true,"showSkybox":false,"showFlares":true,"showImageEffects":true,"showParticleSystems":true,"showVisualEffectGraphs":true,"m_FxEnabled":true},"in2DMode":false,"pivot":{"x":0.8287467956542969,"y":2.9326114654541017,"z":5.693366050720215},"rotation":{"x":-0.18983790278434754,"y":0.5381667017936707,"z":-0.12590008974075318,"w":-0.8114727735519409},"size":14.743074417114258,"orthographic":false}