{"cameraMode":{"drawMode":0,"name":"Shaded","section":"Shading Mode"},"sceneLighting":false,"audioPlay":false,"sceneViewState":{"m_AlwaysRefresh":false,"showFog":true,"showSkybox":false,"showFlares":true,"showImageEffects":true,"showParticleSystems":true,"showVisualEffectGraphs":true,"m_FxEnabled":true},"in2DMode":false,"pivot":{"x":7.604886054992676,"y":4.483614921569824,"z":12.973587036132813},"rotation":{"x":0.021909290924668313,"y":0.7671573758125305,"z":0.026239732280373575,"w":-0.6405481100082398},"size":5.627022743225098,"orthographic":false}