{"cameraMode":{"drawMode":0,"name":"Shaded","section":"Shading Mode"},"sceneLighting":false,"audioPlay":false,"sceneViewState":{"m_AlwaysRefresh":false,"showFog":true,"showSkybox":false,"showFlares":true,"showImageEffects":true,"showParticleSystems":true,"showVisualEffectGraphs":true,"m_FxEnabled":true},"in2DMode":false,"pivot":{"x":0.07655884325504303,"y":0.014181019738316536,"z":-0.11432173103094101},"rotation":{"x":-0.3702574074268341,"y":-0.4547498822212219,"z":0.21565090119838715,"w":-0.7807764410972595},"size":0.007068157196044922,"orthographic":false}