{"cameraMode":{"drawMode":0,"name":"Shaded","section":"Shading Mode"},"sceneLighting":false,"audioPlay":false,"sceneViewState":{"m_AlwaysRefresh":false,"showFog":true,"showSkybox":false,"showFlares":true,"showImageEffects":true,"showParticleSystems":true,"showVisualEffectGraphs":true,"m_FxEnabled":true},"in2DMode":false,"pivot":{"x":0.1724049597978592,"y":0.6530734896659851,"z":-2.9835355281829836},"rotation":{"x":-0.2553047835826874,"y":0.14780104160308839,"z":-0.039525583386421207,"w":-0.954679548740387},"size":0.024744868278503419,"orthographic":false}